substance_id,substance_name,substance_class,deprecated,total_interaction_pairs,pairs_with_chunks,pairs_without_chunks,zero_pair_keys
yopo,Yopo,Ceremonial Psychedelic,false,41,0,41,alcohol|yopo;amphetamine_stims|yopo;antihypertensives|yopo;antipsychotics|yopo;atypical_ad|yopo;ayahuasca|yopo;belladonna|yopo;benzodiazepines|yopo;beta_blockers_ccb|yopo;beta_blockers|yopo;brugmansia|yopo;calcium_channel_blockers|yopo;cannabis|yopo;clonidine_guanfacine|yopo;clonidine|yopo;cocaine|yopo;dox|yopo;five_meo_dmt|yopo;guanfacine|yopo;iboga|yopo;kambo|yopo;ketamine|yopo;lamotrigine|yopo;lithium|yopo;lsd|yopo;maoi_pharma|yopo;mdma|yopo;mescaline_peyote|yopo;methylphenidate|yopo;nbome_series|yopo;ndri_bupropion|yopo;nn_dmt|yopo;psilocybin|yopo;salvia|yopo;serotonergic_opioids|yopo;snri|yopo;ssri|yopo;tobacco_rape|yopo;tricyclic_ad|yopo;two_c_x|yopo;yopo|yopo
salvia,Salvia divinorum,Ceremonial Psychedelic,false,41,2,39,alcohol|salvia;amphetamine_stims|salvia;antihypertensives|salvia;antipsychotics|salvia;atypical_ad|salvia;ayahuasca|salvia;belladonna|salvia;benzodiazepines|salvia;beta_blockers_ccb|salvia;beta_blockers|salvia;brugmansia|salvia;calcium_channel_blockers|salvia;cannabis|salvia;clonidine_guanfacine|salvia;clonidine|salvia;cocaine|salvia;dox|salvia;five_meo_dmt|salvia;guanfacine|salvia;iboga|salvia;kambo|salvia;lamotrigine|salvia;lithium|salvia;lsd|salvia;maoi_pharma|salvia;mescaline_peyote|salvia;methylphenidate|salvia;nbome_series|salvia;ndri_bupropion|salvia;nn_dmt|salvia;psilocybin|salvia;salvia|salvia;salvia|serotonergic_opioids;salvia|snri;salvia|ssri;salvia|tobacco_rape;salvia|tricyclic_ad;salvia|two_c_x;salvia|yopo
methylphenidate,Methylphenidate,Pharmaceutical,false,41,3,38,alcohol|methylphenidate;antihypertensives|methylphenidate;antipsychotics|methylphenidate;atypical_ad|methylphenidate;ayahuasca|methylphenidate;belladonna|methylphenidate;benzodiazepines|methylphenidate;beta_blockers_ccb|methylphenidate;beta_blockers|methylphenidate;brugmansia|methylphenidate;calcium_channel_blockers|methylphenidate;cannabis|methylphenidate;clonidine_guanfacine|methylphenidate;clonidine|methylphenidate;cocaine|methylphenidate;dox|methylphenidate;five_meo_dmt|methylphenidate;guanfacine|methylphenidate;iboga|methylphenidate;kambo|methylphenidate;ketamine|methylphenidate;lamotrigine|methylphenidate;lithium|methylphenidate;lsd|methylphenidate;maoi_pharma|methylphenidate;mescaline_peyote|methylphenidate;methylphenidate|methylphenidate;methylphenidate|nbome_series;methylphenidate|nn_dmt;methylphenidate|psilocybin;methylphenidate|salvia;methylphenidate|serotonergic_opioids;methylphenidate|snri;methylphenidate|ssri;methylphenidate|tobacco_rape;methylphenidate|tricyclic_ad;methylphenidate|two_c_x;methylphenidate|yopo
iboga,Iboga / Ibogaine,Ceremonial Psychedelic,false,41,4,37,amphetamine_stims|iboga;antihypertensives|iboga;antipsychotics|iboga;atypical_ad|iboga;ayahuasca|iboga;belladonna|iboga;benzodiazepines|iboga;beta_blockers_ccb|iboga;beta_blockers|iboga;brugmansia|iboga;calcium_channel_blockers|iboga;cannabis|iboga;clonidine_guanfacine|iboga;clonidine|iboga;dox|iboga;five_meo_dmt|iboga;guanfacine|iboga;iboga|iboga;iboga|kambo;iboga|ketamine;iboga|lamotrigine;iboga|lithium;iboga|lsd;iboga|maoi_pharma;iboga|mdma;iboga|mescaline_peyote;iboga|methylphenidate;iboga|nbome_series;iboga|ndri_bupropion;iboga|nn_dmt;iboga|psilocybin;iboga|salvia;iboga|snri;iboga|ssri;iboga|tricyclic_ad;iboga|two_c_x;iboga|yopo
lamotrigine,Lamotrigine,Pharmaceutical Class,false,41,6,35,alcohol|lamotrigine;amphetamine_stims|lamotrigine;antihypertensives|lamotrigine;atypical_ad|lamotrigine;ayahuasca|lamotrigine;belladonna|lamotrigine;beta_blockers_ccb|lamotrigine;beta_blockers|lamotrigine;brugmansia|lamotrigine;calcium_channel_blockers|lamotrigine;cannabis|lamotrigine;clonidine_guanfacine|lamotrigine;clonidine|lamotrigine;cocaine|lamotrigine;dox|lamotrigine;five_meo_dmt|lamotrigine;guanfacine|lamotrigine;iboga|lamotrigine;kambo|lamotrigine;lamotrigine|lamotrigine;lamotrigine|lsd;lamotrigine|mescaline_peyote;lamotrigine|methylphenidate;lamotrigine|nbome_series;lamotrigine|ndri_bupropion;lamotrigine|nn_dmt;lamotrigine|psilocybin;lamotrigine|salvia;lamotrigine|serotonergic_opioids;lamotrigine|snri;lamotrigine|ssri;lamotrigine|tobacco_rape;lamotrigine|tricyclic_ad;lamotrigine|two_c_x;lamotrigine|yopo
nbome_series,NBOMe Series,Recreational Serotonergic,false,41,7,34,alcohol|nbome_series;amphetamine_stims|nbome_series;antihypertensives|nbome_series;antipsychotics|nbome_series;atypical_ad|nbome_series;ayahuasca|nbome_series;belladonna|nbome_series;benzodiazepines|nbome_series;beta_blockers_ccb|nbome_series;beta_blockers|nbome_series;brugmansia|nbome_series;calcium_channel_blockers|nbome_series;cannabis|nbome_series;clonidine_guanfacine|nbome_series;clonidine|nbome_series;cocaine|nbome_series;guanfacine|nbome_series;iboga|nbome_series;kambo|nbome_series;ketamine|nbome_series;lamotrigine|nbome_series;lithium|nbome_series;maoi_pharma|nbome_series;mdma|nbome_series;methylphenidate|nbome_series;nbome_series|nbome_series;nbome_series|ndri_bupropion;nbome_series|salvia;nbome_series|serotonergic_opioids;nbome_series|snri;nbome_series|ssri;nbome_series|tobacco_rape;nbome_series|tricyclic_ad;nbome_series|yopo
two_c_x,2C-x,Recreational Serotonergic,false,41,8,33,alcohol|two_c_x;amphetamine_stims|two_c_x;antihypertensives|two_c_x;antipsychotics|two_c_x;atypical_ad|two_c_x;ayahuasca|two_c_x;belladonna|two_c_x;benzodiazepines|two_c_x;beta_blockers_ccb|two_c_x;beta_blockers|two_c_x;brugmansia|two_c_x;calcium_channel_blockers|two_c_x;cannabis|two_c_x;clonidine_guanfacine|two_c_x;clonidine|two_c_x;cocaine|two_c_x;guanfacine|two_c_x;iboga|two_c_x;kambo|two_c_x;ketamine|two_c_x;lamotrigine|two_c_x;lithium|two_c_x;mdma|two_c_x;methylphenidate|two_c_x;ndri_bupropion|two_c_x;salvia|two_c_x;serotonergic_opioids|two_c_x;snri|two_c_x;ssri|two_c_x;tobacco_rape|two_c_x;tricyclic_ad|two_c_x;two_c_x|two_c_x;two_c_x|yopo
antihypertensives,Antihypertensives,Pharmaceutical Class,false,41,10,31,alcohol|antihypertensives;amphetamine_stims|antihypertensives;antihypertensives|antihypertensives;antihypertensives|atypical_ad;antihypertensives|belladonna;antihypertensives|benzodiazepines;antihypertensives|beta_blockers;antihypertensives|beta_blockers_ccb;antihypertensives|brugmansia;antihypertensives|calcium_channel_blockers;antihypertensives|cannabis;antihypertensives|clonidine;antihypertensives|clonidine_guanfacine;antihypertensives|cocaine;antihypertensives|dox;antihypertensives|five_meo_dmt;antihypertensives|guanfacine;antihypertensives|iboga;antihypertensives|kambo;antihypertensives|ketamine;antihypertensives|lamotrigine;antihypertensives|mescaline_peyote;antihypertensives|methylphenidate;antihypertensives|nbome_series;antihypertensives|salvia;antihypertensives|serotonergic_opioids;antihypertensives|snri;antihypertensives|ssri;antihypertensives|tricyclic_ad;antihypertensives|two_c_x;antihypertensives|yopo
belladonna,Belladonna,Deliriant,false,41,10,31,alcohol|belladonna;amphetamine_stims|belladonna;antihypertensives|belladonna;atypical_ad|belladonna;belladonna|belladonna;belladonna|benzodiazepines;belladonna|beta_blockers;belladonna|beta_blockers_ccb;belladonna|brugmansia;belladonna|calcium_channel_blockers;belladonna|cannabis;belladonna|clonidine;belladonna|clonidine_guanfacine;belladonna|cocaine;belladonna|dox;belladonna|five_meo_dmt;belladonna|guanfacine;belladonna|iboga;belladonna|kambo;belladonna|ketamine;belladonna|lamotrigine;belladonna|mescaline_peyote;belladonna|methylphenidate;belladonna|nbome_series;belladonna|salvia;belladonna|serotonergic_opioids;belladonna|snri;belladonna|ssri;belladonna|tricyclic_ad;belladonna|two_c_x;belladonna|yopo
brugmansia,Brugmansia,Deliriant,false,41,10,31,alcohol|brugmansia;amphetamine_stims|brugmansia;antihypertensives|brugmansia;atypical_ad|brugmansia;belladonna|brugmansia;benzodiazepines|brugmansia;beta_blockers_ccb|brugmansia;beta_blockers|brugmansia;brugmansia|brugmansia;brugmansia|calcium_channel_blockers;brugmansia|cannabis;brugmansia|clonidine;brugmansia|clonidine_guanfacine;brugmansia|cocaine;brugmansia|dox;brugmansia|five_meo_dmt;brugmansia|guanfacine;brugmansia|iboga;brugmansia|kambo;brugmansia|ketamine;brugmansia|lamotrigine;brugmansia|mescaline_peyote;brugmansia|methylphenidate;brugmansia|nbome_series;brugmansia|salvia;brugmansia|serotonergic_opioids;brugmansia|snri;brugmansia|ssri;brugmansia|tricyclic_ad;brugmansia|two_c_x;brugmansia|yopo
kambo,Kambo,Ceremonial Adjunct,false,41,10,31,alcohol|kambo;amphetamine_stims|kambo;antihypertensives|kambo;atypical_ad|kambo;belladonna|kambo;benzodiazepines|kambo;beta_blockers_ccb|kambo;beta_blockers|kambo;brugmansia|kambo;calcium_channel_blockers|kambo;cannabis|kambo;clonidine_guanfacine|kambo;clonidine|kambo;cocaine|kambo;dox|kambo;five_meo_dmt|kambo;guanfacine|kambo;iboga|kambo;kambo|kambo;kambo|ketamine;kambo|lamotrigine;kambo|mescaline_peyote;kambo|methylphenidate;kambo|nbome_series;kambo|salvia;kambo|serotonergic_opioids;kambo|snri;kambo|ssri;kambo|tricyclic_ad;kambo|two_c_x;kambo|yopo
mescaline_peyote,Mescaline / Peyote,Ceremonial Psychedelic,false,41,10,31,alcohol|mescaline_peyote;amphetamine_stims|mescaline_peyote;antihypertensives|mescaline_peyote;atypical_ad|mescaline_peyote;belladonna|mescaline_peyote;benzodiazepines|mescaline_peyote;beta_blockers_ccb|mescaline_peyote;beta_blockers|mescaline_peyote;brugmansia|mescaline_peyote;calcium_channel_blockers|mescaline_peyote;cannabis|mescaline_peyote;clonidine_guanfacine|mescaline_peyote;clonidine|mescaline_peyote;cocaine|mescaline_peyote;guanfacine|mescaline_peyote;iboga|mescaline_peyote;kambo|mescaline_peyote;ketamine|mescaline_peyote;lamotrigine|mescaline_peyote;lithium|mescaline_peyote;maoi_pharma|mescaline_peyote;mescaline_peyote|mescaline_peyote;mescaline_peyote|methylphenidate;mescaline_peyote|ndri_bupropion;mescaline_peyote|salvia;mescaline_peyote|serotonergic_opioids;mescaline_peyote|snri;mescaline_peyote|ssri;mescaline_peyote|tobacco_rape;mescaline_peyote|tricyclic_ad;mescaline_peyote|yopo
tricyclic_ad,Tricyclic Antidepressants,Pharmaceutical Class,false,41,10,31,alcohol|tricyclic_ad;amphetamine_stims|tricyclic_ad;antihypertensives|tricyclic_ad;ayahuasca|tricyclic_ad;belladonna|tricyclic_ad;benzodiazepines|tricyclic_ad;beta_blockers_ccb|tricyclic_ad;beta_blockers|tricyclic_ad;brugmansia|tricyclic_ad;calcium_channel_blockers|tricyclic_ad;clonidine_guanfacine|tricyclic_ad;clonidine|tricyclic_ad;cocaine|tricyclic_ad;dox|tricyclic_ad;five_meo_dmt|tricyclic_ad;guanfacine|tricyclic_ad;iboga|tricyclic_ad;kambo|tricyclic_ad;lamotrigine|tricyclic_ad;lithium|tricyclic_ad;mescaline_peyote|tricyclic_ad;methylphenidate|tricyclic_ad;nbome_series|tricyclic_ad;ndri_bupropion|tricyclic_ad;nn_dmt|tricyclic_ad;psilocybin|tricyclic_ad;salvia|tricyclic_ad;tobacco_rape|tricyclic_ad;tricyclic_ad|tricyclic_ad;tricyclic_ad|two_c_x;tricyclic_ad|yopo
calcium_channel_blockers,Calcium Channel Blockers,Pharmaceutical Class,false,38,9,29,alcohol|calcium_channel_blockers;amphetamine_stims|calcium_channel_blockers;antihypertensives|calcium_channel_blockers;atypical_ad|calcium_channel_blockers;belladonna|calcium_channel_blockers;benzodiazepines|calcium_channel_blockers;brugmansia|calcium_channel_blockers;calcium_channel_blockers|calcium_channel_blockers;calcium_channel_blockers|cannabis;calcium_channel_blockers|clonidine;calcium_channel_blockers|cocaine;calcium_channel_blockers|dox;calcium_channel_blockers|five_meo_dmt;calcium_channel_blockers|guanfacine;calcium_channel_blockers|iboga;calcium_channel_blockers|kambo;calcium_channel_blockers|ketamine;calcium_channel_blockers|lamotrigine;calcium_channel_blockers|mdma;calcium_channel_blockers|mescaline_peyote;calcium_channel_blockers|methylphenidate;calcium_channel_blockers|nbome_series;calcium_channel_blockers|salvia;calcium_channel_blockers|serotonergic_opioids;calcium_channel_blockers|snri;calcium_channel_blockers|ssri;calcium_channel_blockers|tricyclic_ad;calcium_channel_blockers|two_c_x;calcium_channel_blockers|yopo
clonidine,Clonidine,Pharmaceutical Class,false,38,9,29,alcohol|clonidine;amphetamine_stims|clonidine;antihypertensives|clonidine;atypical_ad|clonidine;belladonna|clonidine;benzodiazepines|clonidine;beta_blockers|clonidine;brugmansia|clonidine;calcium_channel_blockers|clonidine;cannabis|clonidine;clonidine|clonidine;clonidine|cocaine;clonidine|dox;clonidine|five_meo_dmt;clonidine|iboga;clonidine|kambo;clonidine|ketamine;clonidine|lamotrigine;clonidine|mdma;clonidine|mescaline_peyote;clonidine|methylphenidate;clonidine|nbome_series;clonidine|salvia;clonidine|serotonergic_opioids;clonidine|snri;clonidine|ssri;clonidine|tricyclic_ad;clonidine|two_c_x;clonidine|yopo
guanfacine,Guanfacine,Pharmaceutical Class,false,38,9,29,alcohol|guanfacine;amphetamine_stims|guanfacine;antihypertensives|guanfacine;atypical_ad|guanfacine;belladonna|guanfacine;benzodiazepines|guanfacine;beta_blockers|guanfacine;brugmansia|guanfacine;calcium_channel_blockers|guanfacine;cannabis|guanfacine;cocaine|guanfacine;dox|guanfacine;five_meo_dmt|guanfacine;guanfacine|guanfacine;guanfacine|iboga;guanfacine|kambo;guanfacine|ketamine;guanfacine|lamotrigine;guanfacine|mdma;guanfacine|mescaline_peyote;guanfacine|methylphenidate;guanfacine|nbome_series;guanfacine|salvia;guanfacine|serotonergic_opioids;guanfacine|snri;guanfacine|ssri;guanfacine|tricyclic_ad;guanfacine|two_c_x;guanfacine|yopo
beta_blockers_ccb,Beta-Blockers / Rate-Controlling CCBs,Pharmaceutical Class,false,37,10,27,alcohol|beta_blockers_ccb;amphetamine_stims|beta_blockers_ccb;antihypertensives|beta_blockers_ccb;atypical_ad|beta_blockers_ccb;belladonna|beta_blockers_ccb;benzodiazepines|beta_blockers_ccb;beta_blockers_ccb|beta_blockers_ccb;beta_blockers_ccb|brugmansia;beta_blockers_ccb|cannabis;beta_blockers_ccb|clonidine_guanfacine;beta_blockers_ccb|cocaine;beta_blockers_ccb|dox;beta_blockers_ccb|five_meo_dmt;beta_blockers_ccb|iboga;beta_blockers_ccb|kambo;beta_blockers_ccb|ketamine;beta_blockers_ccb|lamotrigine;beta_blockers_ccb|mescaline_peyote;beta_blockers_ccb|methylphenidate;beta_blockers_ccb|nbome_series;beta_blockers_ccb|salvia;beta_blockers_ccb|serotonergic_opioids;beta_blockers_ccb|snri;beta_blockers_ccb|ssri;beta_blockers_ccb|tricyclic_ad;beta_blockers_ccb|two_c_x;beta_blockers_ccb|yopo
clonidine_guanfacine,Clonidine / Guanfacine,Pharmaceutical Class,false,37,10,27,alcohol|clonidine_guanfacine;amphetamine_stims|clonidine_guanfacine;antihypertensives|clonidine_guanfacine;atypical_ad|clonidine_guanfacine;belladonna|clonidine_guanfacine;benzodiazepines|clonidine_guanfacine;beta_blockers_ccb|clonidine_guanfacine;brugmansia|clonidine_guanfacine;cannabis|clonidine_guanfacine;clonidine_guanfacine|clonidine_guanfacine;clonidine_guanfacine|cocaine;clonidine_guanfacine|dox;clonidine_guanfacine|five_meo_dmt;clonidine_guanfacine|iboga;clonidine_guanfacine|kambo;clonidine_guanfacine|ketamine;clonidine_guanfacine|lamotrigine;clonidine_guanfacine|mescaline_peyote;clonidine_guanfacine|methylphenidate;clonidine_guanfacine|nbome_series;clonidine_guanfacine|salvia;clonidine_guanfacine|serotonergic_opioids;clonidine_guanfacine|snri;clonidine_guanfacine|ssri;clonidine_guanfacine|tricyclic_ad;clonidine_guanfacine|two_c_x;clonidine_guanfacine|yopo
dox,DOx,Recreational Serotonergic,false,41,14,27,alcohol|dox;amphetamine_stims|dox;antihypertensives|dox;atypical_ad|dox;belladonna|dox;benzodiazepines|dox;beta_blockers_ccb|dox;beta_blockers|dox;brugmansia|dox;calcium_channel_blockers|dox;cannabis|dox;clonidine_guanfacine|dox;clonidine|dox;cocaine|dox;dox|dox;dox|guanfacine;dox|iboga;dox|kambo;dox|ketamine;dox|lamotrigine;dox|methylphenidate;dox|salvia;dox|serotonergic_opioids;dox|snri;dox|ssri;dox|tricyclic_ad;dox|yopo
five_meo_dmt,5-MeO-DMT,Ceremonial Psychedelic,false,41,14,27,alcohol|five_meo_dmt;amphetamine_stims|five_meo_dmt;antihypertensives|five_meo_dmt;atypical_ad|five_meo_dmt;belladonna|five_meo_dmt;benzodiazepines|five_meo_dmt;beta_blockers_ccb|five_meo_dmt;beta_blockers|five_meo_dmt;brugmansia|five_meo_dmt;calcium_channel_blockers|five_meo_dmt;cannabis|five_meo_dmt;clonidine_guanfacine|five_meo_dmt;clonidine|five_meo_dmt;cocaine|five_meo_dmt;five_meo_dmt|five_meo_dmt;five_meo_dmt|guanfacine;five_meo_dmt|iboga;five_meo_dmt|kambo;five_meo_dmt|ketamine;five_meo_dmt|lamotrigine;five_meo_dmt|methylphenidate;five_meo_dmt|salvia;five_meo_dmt|serotonergic_opioids;five_meo_dmt|snri;five_meo_dmt|ssri;five_meo_dmt|tricyclic_ad;five_meo_dmt|yopo
snri,SNRIs,Pharmaceutical Class,false,41,14,27,antihypertensives|snri;ayahuasca|snri;belladonna|snri;beta_blockers_ccb|snri;beta_blockers|snri;brugmansia|snri;calcium_channel_blockers|snri;cannabis|snri;clonidine_guanfacine|snri;clonidine|snri;cocaine|snri;dox|snri;five_meo_dmt|snri;guanfacine|snri;iboga|snri;kambo|snri;lamotrigine|snri;lsd|snri;mescaline_peyote|snri;methylphenidate|snri;nbome_series|snri;nn_dmt|snri;salvia|snri;snri|snri;snri|tobacco_rape;snri|two_c_x;snri|yopo
atypical_ad,Atypical Antidepressants,Pharmaceutical Class,false,41,16,25,alcohol|atypical_ad;amphetamine_stims|atypical_ad;antihypertensives|atypical_ad;atypical_ad|atypical_ad;atypical_ad|belladonna;atypical_ad|benzodiazepines;atypical_ad|beta_blockers;atypical_ad|beta_blockers_ccb;atypical_ad|brugmansia;atypical_ad|calcium_channel_blockers;atypical_ad|cannabis;atypical_ad|clonidine;atypical_ad|clonidine_guanfacine;atypical_ad|dox;atypical_ad|five_meo_dmt;atypical_ad|guanfacine;atypical_ad|iboga;atypical_ad|kambo;atypical_ad|lamotrigine;atypical_ad|mescaline_peyote;atypical_ad|methylphenidate;atypical_ad|nbome_series;atypical_ad|salvia;atypical_ad|two_c_x;atypical_ad|yopo
benzodiazepines,Benzodiazepines,Pharmaceutical Class,false,41,18,23,antihypertensives|benzodiazepines;atypical_ad|benzodiazepines;belladonna|benzodiazepines;benzodiazepines|benzodiazepines;benzodiazepines|beta_blockers;benzodiazepines|beta_blockers_ccb;benzodiazepines|brugmansia;benzodiazepines|calcium_channel_blockers;benzodiazepines|clonidine;benzodiazepines|clonidine_guanfacine;benzodiazepines|cocaine;benzodiazepines|dox;benzodiazepines|five_meo_dmt;benzodiazepines|guanfacine;benzodiazepines|iboga;benzodiazepines|kambo;benzodiazepines|mescaline_peyote;benzodiazepines|methylphenidate;benzodiazepines|nbome_series;benzodiazepines|salvia;benzodiazepines|tricyclic_ad;benzodiazepines|two_c_x;benzodiazepines|yopo
ketamine,Ketamine,Pharmaceutical Or Clinical Psychedelic,false,41,18,23,alcohol|ketamine;antihypertensives|ketamine;ayahuasca|ketamine;belladonna|ketamine;beta_blockers_ccb|ketamine;brugmansia|ketamine;calcium_channel_blockers|ketamine;clonidine_guanfacine|ketamine;clonidine|ketamine;dox|ketamine;five_meo_dmt|ketamine;guanfacine|ketamine;iboga|ketamine;kambo|ketamine;ketamine|ketamine;ketamine|lsd;ketamine|mescaline_peyote;ketamine|methylphenidate;ketamine|nbome_series;ketamine|nn_dmt;ketamine|tobacco_rape;ketamine|two_c_x;ketamine|yopo
alcohol,Alcohol,Non Ceremonial,false,41,19,22,alcohol|alcohol;alcohol|antihypertensives;alcohol|atypical_ad;alcohol|belladonna;alcohol|beta_blockers_ccb;alcohol|brugmansia;alcohol|calcium_channel_blockers;alcohol|clonidine;alcohol|clonidine_guanfacine;alcohol|dox;alcohol|five_meo_dmt;alcohol|guanfacine;alcohol|kambo;alcohol|ketamine;alcohol|lamotrigine;alcohol|mescaline_peyote;alcohol|methylphenidate;alcohol|nbome_series;alcohol|salvia;alcohol|tricyclic_ad;alcohol|two_c_x;alcohol|yopo
beta_blockers,Beta-Blockers,Pharmaceutical Class,false,38,16,22,antihypertensives|beta_blockers;atypical_ad|beta_blockers;belladonna|beta_blockers;benzodiazepines|beta_blockers;beta_blockers|beta_blockers;beta_blockers|brugmansia;beta_blockers|clonidine;beta_blockers|dox;beta_blockers|five_meo_dmt;beta_blockers|guanfacine;beta_blockers|iboga;beta_blockers|kambo;beta_blockers|lamotrigine;beta_blockers|mescaline_peyote;beta_blockers|methylphenidate;beta_blockers|nbome_series;beta_blockers|salvia;beta_blockers|snri;beta_blockers|ssri;beta_blockers|tricyclic_ad;beta_blockers|two_c_x;beta_blockers|yopo
cannabis,Cannabis,Ceremonial Or Recreational,false,41,19,22,antihypertensives|cannabis;atypical_ad|cannabis;belladonna|cannabis;beta_blockers_ccb|cannabis;brugmansia|cannabis;calcium_channel_blockers|cannabis;cannabis|cannabis;cannabis|clonidine;cannabis|clonidine_guanfacine;cannabis|dox;cannabis|five_meo_dmt;cannabis|guanfacine;cannabis|iboga;cannabis|kambo;cannabis|lamotrigine;cannabis|mescaline_peyote;cannabis|methylphenidate;cannabis|nbome_series;cannabis|salvia;cannabis|snri;cannabis|two_c_x;cannabis|yopo
cocaine,Cocaine,Recreational Stimulant,false,41,19,22,antihypertensives|cocaine;belladonna|cocaine;benzodiazepines|cocaine;beta_blockers_ccb|cocaine;brugmansia|cocaine;calcium_channel_blockers|cocaine;clonidine_guanfacine|cocaine;clonidine|cocaine;cocaine|cocaine;cocaine|dox;cocaine|five_meo_dmt;cocaine|guanfacine;cocaine|kambo;cocaine|lamotrigine;cocaine|mescaline_peyote;cocaine|methylphenidate;cocaine|nbome_series;cocaine|salvia;cocaine|snri;cocaine|tricyclic_ad;cocaine|two_c_x;cocaine|yopo
ssri,SSRIs,Pharmaceutical Class,false,41,19,22,antihypertensives|ssri;belladonna|ssri;beta_blockers_ccb|ssri;beta_blockers|ssri;brugmansia|ssri;calcium_channel_blockers|ssri;clonidine_guanfacine|ssri;clonidine|ssri;dox|ssri;five_meo_dmt|ssri;guanfacine|ssri;iboga|ssri;kambo|ssri;lamotrigine|ssri;mescaline_peyote|ssri;methylphenidate|ssri;nbome_series|ssri;salvia|ssri;ssri|ssri;ssri|tobacco_rape;ssri|two_c_x;ssri|yopo
amphetamine_stims,Amphetamine Stimulants,Pharmaceutical Or Recreational,false,41,20,21,amphetamine_stims|amphetamine_stims;amphetamine_stims|antihypertensives;amphetamine_stims|atypical_ad;amphetamine_stims|belladonna;amphetamine_stims|beta_blockers_ccb;amphetamine_stims|brugmansia;amphetamine_stims|calcium_channel_blockers;amphetamine_stims|clonidine;amphetamine_stims|clonidine_guanfacine;amphetamine_stims|dox;amphetamine_stims|five_meo_dmt;amphetamine_stims|guanfacine;amphetamine_stims|iboga;amphetamine_stims|kambo;amphetamine_stims|lamotrigine;amphetamine_stims|mescaline_peyote;amphetamine_stims|nbome_series;amphetamine_stims|salvia;amphetamine_stims|tricyclic_ad;amphetamine_stims|two_c_x;amphetamine_stims|yopo
serotonergic_opioids,Serotonergic Opioids (Tramadol/Methadone/Meperidine/Tapentadol),Pharmaceutical Class,false,41,20,21,antihypertensives|serotonergic_opioids;ayahuasca|serotonergic_opioids;belladonna|serotonergic_opioids;beta_blockers_ccb|serotonergic_opioids;brugmansia|serotonergic_opioids;calcium_channel_blockers|serotonergic_opioids;clonidine_guanfacine|serotonergic_opioids;clonidine|serotonergic_opioids;dox|serotonergic_opioids;five_meo_dmt|serotonergic_opioids;guanfacine|serotonergic_opioids;kambo|serotonergic_opioids;lamotrigine|serotonergic_opioids;mescaline_peyote|serotonergic_opioids;methylphenidate|serotonergic_opioids;nbome_series|serotonergic_opioids;nn_dmt|serotonergic_opioids;salvia|serotonergic_opioids;serotonergic_opioids|serotonergic_opioids;serotonergic_opioids|two_c_x;serotonergic_opioids|yopo
tobacco_rape,Tobacco / Rapé,Ceremonial Adjunct,false,41,24,17,ketamine|tobacco_rape;lamotrigine|tobacco_rape;lithium|tobacco_rape;lsd|tobacco_rape;mescaline_peyote|tobacco_rape;methylphenidate|tobacco_rape;nbome_series|tobacco_rape;ndri_bupropion|tobacco_rape;nn_dmt|tobacco_rape;psilocybin|tobacco_rape;salvia|tobacco_rape;snri|tobacco_rape;ssri|tobacco_rape;tobacco_rape|tobacco_rape;tobacco_rape|tricyclic_ad;tobacco_rape|two_c_x;tobacco_rape|yopo
ndri_bupropion,NDRI (Bupropion),Pharmaceutical Class,false,41,26,15,iboga|ndri_bupropion;lamotrigine|ndri_bupropion;lithium|ndri_bupropion;lsd|ndri_bupropion;maoi_pharma|ndri_bupropion;mescaline_peyote|ndri_bupropion;nbome_series|ndri_bupropion;ndri_bupropion|ndri_bupropion;ndri_bupropion|nn_dmt;ndri_bupropion|psilocybin;ndri_bupropion|salvia;ndri_bupropion|tobacco_rape;ndri_bupropion|tricyclic_ad;ndri_bupropion|two_c_x;ndri_bupropion|yopo
nn_dmt,"N,N-DMT",Ceremonial Psychedelic,false,41,29,12,iboga|nn_dmt;ketamine|nn_dmt;lamotrigine|nn_dmt;methylphenidate|nn_dmt;ndri_bupropion|nn_dmt;nn_dmt|nn_dmt;nn_dmt|salvia;nn_dmt|serotonergic_opioids;nn_dmt|snri;nn_dmt|tobacco_rape;nn_dmt|tricyclic_ad;nn_dmt|yopo
ayahuasca,Ayahuasca,Ceremonial Psychedelic,false,41,30,11,ayahuasca|iboga;ayahuasca|ketamine;ayahuasca|lamotrigine;ayahuasca|methylphenidate;ayahuasca|nbome_series;ayahuasca|salvia;ayahuasca|serotonergic_opioids;ayahuasca|snri;ayahuasca|tricyclic_ad;ayahuasca|two_c_x;ayahuasca|yopo
lithium,Lithium,Pharmaceutical Class,false,41,30,11,iboga|lithium;lithium|lithium;lithium|mescaline_peyote;lithium|methylphenidate;lithium|nbome_series;lithium|ndri_bupropion;lithium|salvia;lithium|tobacco_rape;lithium|tricyclic_ad;lithium|two_c_x;lithium|yopo
lsd,LSD,Ceremonial Psychedelic,false,41,31,10,iboga|lsd;ketamine|lsd;lamotrigine|lsd;lsd|lsd;lsd|methylphenidate;lsd|ndri_bupropion;lsd|salvia;lsd|snri;lsd|tobacco_rape;lsd|yopo
psilocybin,Psilocybin Mushrooms,Ceremonial Psychedelic,false,41,32,9,iboga|psilocybin;lamotrigine|psilocybin;methylphenidate|psilocybin;ndri_bupropion|psilocybin;psilocybin|psilocybin;psilocybin|salvia;psilocybin|tobacco_rape;psilocybin|tricyclic_ad;psilocybin|yopo
maoi_pharma,Pharmaceutical MAOIs,Pharmaceutical Class,false,41,33,8,iboga|maoi_pharma;maoi_pharma|maoi_pharma;maoi_pharma|mescaline_peyote;maoi_pharma|methylphenidate;maoi_pharma|nbome_series;maoi_pharma|ndri_bupropion;maoi_pharma|salvia;maoi_pharma|yopo
mdma,MDMA,Recreational Serotonergic,false,41,33,8,calcium_channel_blockers|mdma;clonidine|mdma;guanfacine|mdma;iboga|mdma;mdma|mdma;mdma|nbome_series;mdma|two_c_x;mdma|yopo
antipsychotics,Antipsychotics,Pharmaceutical Class,false,41,35,6,antipsychotics|iboga;antipsychotics|methylphenidate;antipsychotics|nbome_series;antipsychotics|salvia;antipsychotics|two_c_x;antipsychotics|yopo
ghb_gamma_hydroxybutyrate,GHB,Pharmaceutical Or Recreational,false,0,0,0,
mdma_2cx_dox_nbome,MDMA / 2C-x / DOx / NBOMe,Recreational Serotonergic,true,0,0,0,
mephedrone,Mephedrone,Recreational Stimulant,false,0,0,0,
