class_pair,total_pairs,pairs_with_chunks,pairs_without_chunks,zero_pair_keys
Ceremonial Psychedelic | Pharmaceutical Class,162,63,99,antihypertensives|five_meo_dmt;antihypertensives|iboga;antihypertensives|mescaline_peyote;antihypertensives|salvia;antihypertensives|yopo;antipsychotics|iboga;antipsychotics|salvia;antipsychotics|yopo;atypical_ad|five_meo_dmt;atypical_ad|iboga;atypical_ad|mescaline_peyote;atypical_ad|salvia;atypical_ad|yopo;ayahuasca|lamotrigine;ayahuasca|serotonergic_opioids;ayahuasca|snri;ayahuasca|tricyclic_ad;benzodiazepines|five_meo_dmt;benzodiazepines|iboga;benzodiazepines|mescaline_peyote;benzodiazepines|salvia;benzodiazepines|yopo;beta_blockers_ccb|five_meo_dmt;beta_blockers_ccb|iboga;beta_blockers_ccb|mescaline_peyote;beta_blockers_ccb|salvia;beta_blockers_ccb|yopo;beta_blockers|five_meo_dmt;beta_blockers|iboga;beta_blockers|mescaline_peyote;beta_blockers|salvia;beta_blockers|yopo;calcium_channel_blockers|five_meo_dmt;calcium_channel_blockers|iboga;calcium_channel_blockers|mescaline_peyote;calcium_channel_blockers|salvia;calcium_channel_blockers|yopo;clonidine_guanfacine|five_meo_dmt;clonidine_guanfacine|iboga;clonidine_guanfacine|mescaline_peyote;clonidine_guanfacine|salvia;clonidine_guanfacine|yopo;clonidine|five_meo_dmt;clonidine|iboga;clonidine|mescaline_peyote;clonidine|salvia;clonidine|yopo;five_meo_dmt|guanfacine;five_meo_dmt|lamotrigine;five_meo_dmt|serotonergic_opioids;five_meo_dmt|snri;five_meo_dmt|ssri;five_meo_dmt|tricyclic_ad;guanfacine|iboga;guanfacine|mescaline_peyote;guanfacine|salvia;guanfacine|yopo;iboga|lamotrigine;iboga|lithium;iboga|maoi_pharma;iboga|ndri_bupropion;iboga|snri;iboga|ssri;iboga|tricyclic_ad;lamotrigine|lsd;lamotrigine|mescaline_peyote;lamotrigine|nn_dmt;lamotrigine|psilocybin;lamotrigine|salvia;lamotrigine|yopo;lithium|mescaline_peyote;lithium|salvia;lithium|yopo;lsd|ndri_bupropion;lsd|snri;maoi_pharma|mescaline_peyote;maoi_pharma|salvia;maoi_pharma|yopo;mescaline_peyote|ndri_bupropion;mescaline_peyote|serotonergic_opioids;mescaline_peyote|snri;mescaline_peyote|ssri;mescaline_peyote|tricyclic_ad;ndri_bupropion|nn_dmt;ndri_bupropion|psilocybin;ndri_bupropion|salvia;ndri_bupropion|yopo;nn_dmt|serotonergic_opioids;nn_dmt|snri;nn_dmt|tricyclic_ad;psilocybin|tricyclic_ad;salvia|serotonergic_opioids;salvia|snri;salvia|ssri;salvia|tricyclic_ad;serotonergic_opioids|yopo;snri|yopo;ssri|yopo;tricyclic_ad|yopo
Pharmaceutical Class | Pharmaceutical Class,161,73,88,antihypertensives|antihypertensives;antihypertensives|atypical_ad;antihypertensives|benzodiazepines;antihypertensives|beta_blockers;antihypertensives|beta_blockers_ccb;antihypertensives|calcium_channel_blockers;antihypertensives|clonidine;antihypertensives|clonidine_guanfacine;antihypertensives|guanfacine;antihypertensives|lamotrigine;antihypertensives|serotonergic_opioids;antihypertensives|snri;antihypertensives|ssri;antihypertensives|tricyclic_ad;atypical_ad|atypical_ad;atypical_ad|benzodiazepines;atypical_ad|beta_blockers;atypical_ad|beta_blockers_ccb;atypical_ad|calcium_channel_blockers;atypical_ad|clonidine;atypical_ad|clonidine_guanfacine;atypical_ad|guanfacine;atypical_ad|lamotrigine;benzodiazepines|benzodiazepines;benzodiazepines|beta_blockers;benzodiazepines|beta_blockers_ccb;benzodiazepines|calcium_channel_blockers;benzodiazepines|clonidine;benzodiazepines|clonidine_guanfacine;benzodiazepines|guanfacine;benzodiazepines|tricyclic_ad;beta_blockers_ccb|beta_blockers_ccb;beta_blockers_ccb|clonidine_guanfacine;beta_blockers_ccb|lamotrigine;beta_blockers_ccb|serotonergic_opioids;beta_blockers_ccb|snri;beta_blockers_ccb|ssri;beta_blockers_ccb|tricyclic_ad;beta_blockers|beta_blockers;beta_blockers|clonidine;beta_blockers|guanfacine;beta_blockers|lamotrigine;beta_blockers|snri;beta_blockers|ssri;beta_blockers|tricyclic_ad;calcium_channel_blockers|calcium_channel_blockers;calcium_channel_blockers|clonidine;calcium_channel_blockers|guanfacine;calcium_channel_blockers|lamotrigine;calcium_channel_blockers|serotonergic_opioids;calcium_channel_blockers|snri;calcium_channel_blockers|ssri;calcium_channel_blockers|tricyclic_ad;clonidine_guanfacine|clonidine_guanfacine;clonidine_guanfacine|lamotrigine;clonidine_guanfacine|serotonergic_opioids;clonidine_guanfacine|snri;clonidine_guanfacine|ssri;clonidine_guanfacine|tricyclic_ad;clonidine|clonidine;clonidine|lamotrigine;clonidine|serotonergic_opioids;clonidine|snri;clonidine|ssri;clonidine|tricyclic_ad;guanfacine|guanfacine;guanfacine|lamotrigine;guanfacine|serotonergic_opioids;guanfacine|snri;guanfacine|ssri;guanfacine|tricyclic_ad;lamotrigine|lamotrigine;lamotrigine|ndri_bupropion;lamotrigine|serotonergic_opioids;lamotrigine|snri;lamotrigine|ssri;lamotrigine|tricyclic_ad;lithium|lithium;lithium|ndri_bupropion;lithium|tricyclic_ad;maoi_pharma|maoi_pharma;maoi_pharma|ndri_bupropion;ndri_bupropion|ndri_bupropion;ndri_bupropion|tricyclic_ad;serotonergic_opioids|serotonergic_opioids;snri|snri;ssri|ssri;tricyclic_ad|tricyclic_ad
Pharmaceutical Class | Recreational Serotonergic,72,20,52,antihypertensives|dox;antihypertensives|nbome_series;antihypertensives|two_c_x;antipsychotics|nbome_series;antipsychotics|two_c_x;atypical_ad|dox;atypical_ad|nbome_series;atypical_ad|two_c_x;benzodiazepines|dox;benzodiazepines|nbome_series;benzodiazepines|two_c_x;beta_blockers_ccb|dox;beta_blockers_ccb|nbome_series;beta_blockers_ccb|two_c_x;beta_blockers|dox;beta_blockers|nbome_series;beta_blockers|two_c_x;calcium_channel_blockers|dox;calcium_channel_blockers|mdma;calcium_channel_blockers|nbome_series;calcium_channel_blockers|two_c_x;clonidine_guanfacine|dox;clonidine_guanfacine|nbome_series;clonidine_guanfacine|two_c_x;clonidine|dox;clonidine|mdma;clonidine|nbome_series;clonidine|two_c_x;dox|guanfacine;dox|lamotrigine;dox|serotonergic_opioids;dox|snri;dox|ssri;dox|tricyclic_ad;guanfacine|mdma;guanfacine|nbome_series;guanfacine|two_c_x;lamotrigine|nbome_series;lamotrigine|two_c_x;lithium|nbome_series;lithium|two_c_x;maoi_pharma|nbome_series;nbome_series|ndri_bupropion;nbome_series|serotonergic_opioids;nbome_series|snri;nbome_series|ssri;nbome_series|tricyclic_ad;ndri_bupropion|two_c_x;serotonergic_opioids|two_c_x;snri|two_c_x;ssri|two_c_x;tricyclic_ad|two_c_x
Ceremonial Psychedelic | Ceremonial Psychedelic,45,16,29,ayahuasca|iboga;ayahuasca|salvia;ayahuasca|yopo;five_meo_dmt|five_meo_dmt;five_meo_dmt|iboga;five_meo_dmt|salvia;five_meo_dmt|yopo;iboga|iboga;iboga|lsd;iboga|mescaline_peyote;iboga|nn_dmt;iboga|psilocybin;iboga|salvia;iboga|yopo;lsd|lsd;lsd|salvia;lsd|yopo;mescaline_peyote|mescaline_peyote;mescaline_peyote|salvia;mescaline_peyote|yopo;nn_dmt|nn_dmt;nn_dmt|salvia;nn_dmt|yopo;psilocybin|psilocybin;psilocybin|salvia;psilocybin|yopo;salvia|salvia;salvia|yopo;yopo|yopo
Deliriant | Pharmaceutical Class,36,8,28,antihypertensives|belladonna;antihypertensives|brugmansia;atypical_ad|belladonna;atypical_ad|brugmansia;belladonna|benzodiazepines;belladonna|beta_blockers;belladonna|beta_blockers_ccb;belladonna|calcium_channel_blockers;belladonna|clonidine;belladonna|clonidine_guanfacine;belladonna|guanfacine;belladonna|lamotrigine;belladonna|serotonergic_opioids;belladonna|snri;belladonna|ssri;belladonna|tricyclic_ad;benzodiazepines|brugmansia;beta_blockers_ccb|brugmansia;beta_blockers|brugmansia;brugmansia|calcium_channel_blockers;brugmansia|clonidine;brugmansia|clonidine_guanfacine;brugmansia|guanfacine;brugmansia|lamotrigine;brugmansia|serotonergic_opioids;brugmansia|snri;brugmansia|ssri;brugmansia|tricyclic_ad
Ceremonial Adjunct | Pharmaceutical Class,36,16,20,antihypertensives|kambo;atypical_ad|kambo;benzodiazepines|kambo;beta_blockers_ccb|kambo;beta_blockers|kambo;calcium_channel_blockers|kambo;clonidine_guanfacine|kambo;clonidine|kambo;guanfacine|kambo;kambo|lamotrigine;kambo|serotonergic_opioids;kambo|snri;kambo|ssri;kambo|tricyclic_ad;lamotrigine|tobacco_rape;lithium|tobacco_rape;ndri_bupropion|tobacco_rape;snri|tobacco_rape;ssri|tobacco_rape;tobacco_rape|tricyclic_ad
Pharmaceutical | Pharmaceutical Class,18,1,17,antihypertensives|methylphenidate;antipsychotics|methylphenidate;atypical_ad|methylphenidate;benzodiazepines|methylphenidate;beta_blockers_ccb|methylphenidate;beta_blockers|methylphenidate;calcium_channel_blockers|methylphenidate;clonidine_guanfacine|methylphenidate;clonidine|methylphenidate;guanfacine|methylphenidate;lamotrigine|methylphenidate;lithium|methylphenidate;maoi_pharma|methylphenidate;methylphenidate|serotonergic_opioids;methylphenidate|snri;methylphenidate|ssri;methylphenidate|tricyclic_ad
Ceremonial Psychedelic | Recreational Serotonergic,36,23,13,ayahuasca|nbome_series;ayahuasca|two_c_x;dox|iboga;dox|salvia;dox|yopo;iboga|mdma;iboga|nbome_series;iboga|two_c_x;mdma|yopo;nbome_series|salvia;nbome_series|yopo;salvia|two_c_x;two_c_x|yopo
Ceremonial Adjunct | Ceremonial Psychedelic,18,7,11,five_meo_dmt|kambo;iboga|kambo;kambo|mescaline_peyote;kambo|salvia;kambo|yopo;lsd|tobacco_rape;mescaline_peyote|tobacco_rape;nn_dmt|tobacco_rape;psilocybin|tobacco_rape;salvia|tobacco_rape;tobacco_rape|yopo
Ceremonial Psychedelic | Deliriant,18,8,10,belladonna|five_meo_dmt;belladonna|iboga;belladonna|mescaline_peyote;belladonna|salvia;belladonna|yopo;brugmansia|five_meo_dmt;brugmansia|iboga;brugmansia|mescaline_peyote;brugmansia|salvia;brugmansia|yopo
Pharmaceutical Class | Recreational Stimulant,18,8,10,antihypertensives|cocaine;benzodiazepines|cocaine;beta_blockers_ccb|cocaine;calcium_channel_blockers|cocaine;clonidine_guanfacine|cocaine;clonidine|cocaine;cocaine|guanfacine;cocaine|lamotrigine;cocaine|snri;cocaine|tricyclic_ad
Ceremonial Or Recreational | Pharmaceutical Class,18,9,9,antihypertensives|cannabis;atypical_ad|cannabis;beta_blockers_ccb|cannabis;calcium_channel_blockers|cannabis;cannabis|clonidine;cannabis|clonidine_guanfacine;cannabis|guanfacine;cannabis|lamotrigine;cannabis|snri
Ceremonial Psychedelic | Pharmaceutical,9,0,9,ayahuasca|methylphenidate;five_meo_dmt|methylphenidate;iboga|methylphenidate;lsd|methylphenidate;mescaline_peyote|methylphenidate;methylphenidate|nn_dmt;methylphenidate|psilocybin;methylphenidate|salvia;methylphenidate|yopo
Non Ceremonial | Pharmaceutical Class,18,9,9,alcohol|antihypertensives;alcohol|atypical_ad;alcohol|beta_blockers_ccb;alcohol|calcium_channel_blockers;alcohol|clonidine;alcohol|clonidine_guanfacine;alcohol|guanfacine;alcohol|lamotrigine;alcohol|tricyclic_ad
Pharmaceutical Class | Pharmaceutical Or Recreational,18,9,9,amphetamine_stims|antihypertensives;amphetamine_stims|atypical_ad;amphetamine_stims|beta_blockers_ccb;amphetamine_stims|calcium_channel_blockers;amphetamine_stims|clonidine;amphetamine_stims|clonidine_guanfacine;amphetamine_stims|guanfacine;amphetamine_stims|lamotrigine;amphetamine_stims|tricyclic_ad
Ceremonial Psychedelic | Pharmaceutical Or Clinical Psychedelic,9,2,7,ayahuasca|ketamine;five_meo_dmt|ketamine;iboga|ketamine;ketamine|lsd;ketamine|mescaline_peyote;ketamine|nn_dmt;ketamine|yopo
Deliriant | Recreational Serotonergic,8,2,6,belladonna|dox;belladonna|nbome_series;belladonna|two_c_x;brugmansia|dox;brugmansia|nbome_series;brugmansia|two_c_x
Pharmaceutical Class | Pharmaceutical Or Clinical Psychedelic,18,12,6,antihypertensives|ketamine;beta_blockers_ccb|ketamine;calcium_channel_blockers|ketamine;clonidine_guanfacine|ketamine;clonidine|ketamine;guanfacine|ketamine
Recreational Serotonergic | Recreational Serotonergic,10,4,6,dox|dox;mdma|mdma;mdma|nbome_series;mdma|two_c_x;nbome_series|nbome_series;two_c_x|two_c_x
Ceremonial Adjunct | Recreational Serotonergic,8,3,5,dox|kambo;kambo|nbome_series;kambo|two_c_x;nbome_series|tobacco_rape;tobacco_rape|two_c_x
Ceremonial Or Recreational | Ceremonial Psychedelic,9,4,5,cannabis|five_meo_dmt;cannabis|iboga;cannabis|mescaline_peyote;cannabis|salvia;cannabis|yopo
Ceremonial Psychedelic | Pharmaceutical Or Recreational,9,4,5,amphetamine_stims|five_meo_dmt;amphetamine_stims|iboga;amphetamine_stims|mescaline_peyote;amphetamine_stims|salvia;amphetamine_stims|yopo
Ceremonial Psychedelic | Non Ceremonial,9,5,4,alcohol|five_meo_dmt;alcohol|mescaline_peyote;alcohol|salvia;alcohol|yopo
Ceremonial Psychedelic | Recreational Stimulant,9,5,4,cocaine|five_meo_dmt;cocaine|mescaline_peyote;cocaine|salvia;cocaine|yopo
Ceremonial Or Recreational | Recreational Serotonergic,4,1,3,cannabis|dox;cannabis|nbome_series;cannabis|two_c_x
Deliriant | Deliriant,3,0,3,belladonna|belladonna;belladonna|brugmansia;brugmansia|brugmansia
Non Ceremonial | Recreational Serotonergic,4,1,3,alcohol|dox;alcohol|nbome_series;alcohol|two_c_x
Pharmaceutical Or Clinical Psychedelic | Recreational Serotonergic,4,1,3,dox|ketamine;ketamine|nbome_series;ketamine|two_c_x
Pharmaceutical Or Recreational | Recreational Serotonergic,4,1,3,amphetamine_stims|dox;amphetamine_stims|nbome_series;amphetamine_stims|two_c_x
Pharmaceutical | Recreational Serotonergic,4,1,3,dox|methylphenidate;methylphenidate|nbome_series;methylphenidate|two_c_x
Recreational Serotonergic | Recreational Stimulant,4,1,3,cocaine|dox;cocaine|nbome_series;cocaine|two_c_x
Ceremonial Adjunct | Ceremonial Adjunct,3,1,2,kambo|kambo;tobacco_rape|tobacco_rape
Ceremonial Adjunct | Deliriant,4,2,2,belladonna|kambo;brugmansia|kambo
Ceremonial Adjunct | Pharmaceutical,2,0,2,kambo|methylphenidate;methylphenidate|tobacco_rape
Ceremonial Adjunct | Pharmaceutical Or Clinical Psychedelic,2,0,2,kambo|ketamine;ketamine|tobacco_rape
Ceremonial Or Recreational | Deliriant,2,0,2,belladonna|cannabis;brugmansia|cannabis
Deliriant | Non Ceremonial,2,0,2,alcohol|belladonna;alcohol|brugmansia
Deliriant | Pharmaceutical,2,0,2,belladonna|methylphenidate;brugmansia|methylphenidate
Deliriant | Pharmaceutical Or Clinical Psychedelic,2,0,2,belladonna|ketamine;brugmansia|ketamine
Deliriant | Pharmaceutical Or Recreational,2,0,2,amphetamine_stims|belladonna;amphetamine_stims|brugmansia
Deliriant | Recreational Stimulant,2,0,2,belladonna|cocaine;brugmansia|cocaine
Ceremonial Adjunct | Ceremonial Or Recreational,2,1,1,cannabis|kambo
Ceremonial Adjunct | Non Ceremonial,2,1,1,alcohol|kambo
Ceremonial Adjunct | Pharmaceutical Or Recreational,2,1,1,amphetamine_stims|kambo
Ceremonial Adjunct | Recreational Stimulant,2,1,1,cocaine|kambo
Ceremonial Or Recreational | Ceremonial Or Recreational,1,0,1,cannabis|cannabis
Ceremonial Or Recreational | Pharmaceutical,1,0,1,cannabis|methylphenidate
Non Ceremonial | Non Ceremonial,1,0,1,alcohol|alcohol
Non Ceremonial | Pharmaceutical,1,0,1,alcohol|methylphenidate
Non Ceremonial | Pharmaceutical Or Clinical Psychedelic,1,0,1,alcohol|ketamine
Pharmaceutical Or Clinical Psychedelic | Pharmaceutical Or Clinical Psychedelic,1,0,1,ketamine|ketamine
Pharmaceutical Or Recreational | Pharmaceutical Or Recreational,1,0,1,amphetamine_stims|amphetamine_stims
Pharmaceutical | Pharmaceutical,1,0,1,methylphenidate|methylphenidate
Pharmaceutical | Pharmaceutical Or Clinical Psychedelic,1,0,1,ketamine|methylphenidate
Pharmaceutical | Recreational Stimulant,1,0,1,cocaine|methylphenidate
Recreational Stimulant | Recreational Stimulant,1,0,1,cocaine|cocaine
Ceremonial Or Recreational | Non Ceremonial,1,1,0,
Ceremonial Or Recreational | Pharmaceutical Or Clinical Psychedelic,1,1,0,
Ceremonial Or Recreational | Pharmaceutical Or Recreational,1,1,0,
Ceremonial Or Recreational | Recreational Stimulant,1,1,0,
Non Ceremonial | Pharmaceutical Or Recreational,1,1,0,
Non Ceremonial | Recreational Stimulant,1,1,0,
Pharmaceutical Or Clinical Psychedelic | Pharmaceutical Or Recreational,1,1,0,
Pharmaceutical Or Clinical Psychedelic | Recreational Stimulant,1,1,0,
Pharmaceutical Or Recreational | Recreational Stimulant,1,1,0,
Pharmaceutical | Pharmaceutical Or Recreational,1,1,0,
